[{"id":217,"name":"bocata de jamon","salary":200},{"id":224,"name":"juana","salary":1000},{"id":225,"name":"pelota","salary":360},{"id":227,"name":"Añadido","salary":1234},{"id":228,"name":"Añadido","salary":1234},{"id":229,"name":"Añadido","salary":1234},{"id":230,"name":"Añadido","salary":1234},{"id":231,"name":"Añadido","salary":1234},{"id":232,"name":"Añadido","salary":1234},{"id":234,"name":"Añadido","salary":1234},{"id":235,"name":"Añadido","salary":1234},{"id":236,"name":"Añadido","salary":1234},{"id":237,"name":"Añadido","salary":1234},{"id":238,"name":"Añadido","salary":1234},{"id":240,"name":"Añadido","salary":1234},{"id":242,"name":"Añadido","salary":1234},{"id":243,"name":"Añadido","salary":1234},{"id":244,"name":"Añadido","salary":1234},{"id":245,"name":"Añadido","salary":1234},{"id":246,"name":"Añadido","salary":1234},{"id":247,"name":"Añadido","salary":1234},{"id":248,"name":"Añadido","salary":1234},{"id":249,"name":"Añadido","salary":1234},{"id":250,"name":"Añadido","salary":1234},{"id":251,"name":"Añadido","salary":1234},{"id":252,"name":"Añadido","salary":1234},{"id":253,"name":"Añadido","salary":1234},{"id":254,"name":"Añadido","salary":1234},{"id":255,"name":"Añadido","salary":1234},{"id":256,"name":"Añadido","salary":1234},{"id":257,"name":"Añadido","salary":1234},{"id":258,"name":"Añadido","salary":1234},{"id":259,"name":"Añadido","salary":1234},{"id":260,"name":"Añadido","salary":1234},{"id":353,"name":"User 7","salary":1000},{"id":354,"name":"kayler","salary":10234},{"id":355,"name":"kayler","salary":10234},{"id":356,"name":"kayler","salary":10234},{"id":357,"name":"kayler","salary":10234},{"id":358,"name":"kayler","salary":10234},{"id":359,"name":"kayler","salary":10234},{"id":360,"name":"kayler","salary":10234},{"id":361,"name":"kayler","salary":10234},{"id":362,"name":"kayler","salary":10234},{"id":363,"name":"kayler","salary":10234},{"id":364,"name":"kayler","salary":10234},{"id":365,"name":"kayler","salary":10234},{"id":366,"name":"kayler","salary":10234},{"id":367,"name":"kayler","salary":10234},{"id":368,"name":"kayler","salary":10234},{"id":369,"name":"kayler","salary":10234},{"id":370,"name":"kayler","salary":10234},{"id":371,"name":"kayler","salary":10234},{"id":372,"name":"kayler","salary":10234},{"id":373,"name":"kayler","salary":10234},{"id":374,"name":"kayler","salary":10234},{"id":375,"name":"kayler","salary":10234},{"id":376,"name":"kayler","salary":10234},{"id":377,"name":"kayler","salary":10234},{"id":378,"name":"kayler","salary":10234},{"id":379,"name":"kayler","salary":10234},{"id":380,"name":"kayler","salary":10234},{"id":381,"name":"kayler","salary":10234},{"id":382,"name":"kayler","salary":10234},{"id":383,"name":"kayler","salary":10234},{"id":384,"name":"kayler","salary":10234},{"id":385,"name":"kayler","salary":10234},{"id":394,"name":null,"salary":null},{"id":395,"name":null,"salary":null},{"id":396,"name":null,"salary":null},{"id":397,"name":null,"salary":null},{"id":398,"name":null,"salary":null},{"id":409,"name":null,"salary":null},{"id":412,"name":null,"salary":null},{"id":413,"name":null,"salary":null},{"id":414,"name":null,"salary":null},{"id":415,"name":null,"salary":null},{"id":416,"name":null,"salary":null},{"id":417,"name":"b","salary":55},{"id":418,"name":"User 1","salary":1000},{"id":419,"name":"Medicina","salary":100},{"id":420,"name":"LAGARTIJO","salary":23},{"id":421,"name":"IGUANA","salary":23},{"id":422,"name":"LAGARTO","salary":23},{"id":423,"name":"LAGARTO","salary":23},{"id":424,"name":null,"salary":null},{"id":425,"name":null,"salary":null},{"id":426,"name":null,"salary":null},{"id":427,"name":null,"salary":null},{"id":428,"name":"El mago","salary":2340},{"id":429,"name":"User 4","salary":1000},{"id":430,"name":"Jona","salary":200},{"id":431,"name":"MESSIII","salary":547854},{"id":433,"name":"Pedro","salary":200},{"id":434,"name":"Andrea","salary":100},{"id":435,"name":"Bran","salary":300},{"id":440,"name":"Medicina","salary":100},{"id":449,"name":"User 1","salary":1000},{"id":450,"name":"User 3","salary":1000},{"id":451,"name":"User 5","salary":1000},{"id":452,"name":"User 2","salary":1000},{"id":453,"name":"User 6","salary":1000},{"id":454,"name":"MESSIII","salary":547854},{"id":456,"name":"elmpleado 2","salary":548},{"id":457,"name":"elmpleado 3","salary":549},{"id":458,"name":"elmpleado 4","salary":550}]